	Tweets_Ago	Compound	Negative	Neutral	Positive	Target	Word
0	0	0.4215	0.0	0.797	0.203	@BBC	"What's the true scale of the global trade in humans? 
#McMafia https://t.co/3X7YDsabMv"
1	1	-0.5423	0.189	0.763	0.048	@BBC	RT @BBCOne: A mysterious figure reaches out to Alex, who is finding it increasingly difficult to say no. #McMafia. Tonight, 9pm. @BBCOne. h…
2	2	-0.4939	0.138	0.862	0.0	@BBC	"RT @BBCScotland: Heroin exploded into housing schemes around Scotland in the early 80's changing policing and society forever.

Watch the f…"
3	3	0.7096	0.0	0.731	0.269	@BBC	RT @bbcthree: The teen who invented a 3D-printed hand for £225 to help those who couldn't afford them. https://t.co/ICW215RyF2
4	4	0.4939	0.0	0.824	0.176	@BBC	"How do you keep your New Year's resolution to save cash? ?
This way, honest... https://t.co/vtkNULVdVW https://t.co/8UciSw865E"
5	5	0.0	0.0	1.0	0.0	@BBC	"RT @BBCOne: ??? 

#DeathInParadise https://t.co/veaTuKtdbW"
6	6	0.0	0.0	1.0	0.0	@BBC	"What secrets and stories does the house you live in hold?

@DavidOlusoga investigates the history of one house, fro… https://t.co/KZQeG4WBuS"
7	7	0.4576	0.0	0.85	0.15	@BBC	This very special 'paper' made from animal remains could be used in fertility treatments and wound healing. https://t.co/EfULoLaqOo
8	8	0.128	0.076	0.831	0.093	@BBC	"RT @BBCNews: Victims of people trafficking are in every town and city in the UK.

What is the true scale of the global trade in humans? #Mc…"
9	9	0.0	0.0	1.0	0.0	@BBC	Wildlife rescuers have removed 43 reptile eggs from a sandpit at a school in Australia. ?? https://t.co/nysOcLm4P8 https://t.co/5jLnBqT851
10	10	-0.5095	0.155	0.845	0.0	@BBC	Scientists have decoded the genome of the Sumatran rhinoceros - one of the most threatened mammals on Earth. ????… https://t.co/oCvXq9VIj4
11	11	0.0	0.0	1.0	0.0	@BBC	? 8 stars you didn't know had a sibling. ? https://t.co/sfdfrA8BPZ https://t.co/WI45VvRf8q
12	12	0.6114	0.0	0.501	0.499	@BBC	Happy New Year everyone! ? https://t.co/T2bWii5es4
13	13	0.0	0.0	1.0	0.0	@BBC	RT @BBCRadio2: 6 memorable moments from 25 years of Jools’ Annual Hootenanny, including a spellbinding performance from the late Amy Wineho…
14	14	0.4005	0.0	0.856	0.144	@BBC	Nile Rodgers is very excited to bring in the New Year tonight with us on @BBCOne. ? ? https://t.co/5w3Rbz6zci
15	15	-0.5994	0.196	0.804	0.0	@BBC	"RT @bbcdoctorwho: Mark Gatiss gives us a snapshot of filming in the World War One trenches…
#DoctorWho https://t.co/2aZcBgbCdl"
16	16	0.0	0.0	1.0	0.0	@BBC	Meet Tanzania's wheelchair tennis ace. ? https://t.co/1lkGFdDjDG
17	17	0.0	0.0	1.0	0.0	@BBC	? @BrunoMars: Live in Harlem. 10:25pm on @BBCOne. ? https://t.co/WoGSJ3JvdV https://t.co/jKLXAp3cTC
18	18	0.2732	0.187	0.549	0.264	@BBC	Meet the women who created a baby-friendly comedy night to help combat the feelings of isolation that can come alon… https://t.co/l32IgBjLiH
19	19	0.0	0.0	1.0	0.0	@BBC	"""The White House or Buckingham Palace?""

This morning Prince Harry interviewed @BarackObama for@BBCr4today. For som… https://t.co/2JydEFby93"
20	20	0.8591	0.0	0.537	0.463	@BBC	"?? Can chocolate make you happy, healthy and wise? https://t.co/Ui08nNwNqP

**please be yes** https://t.co/gBok0UDRJq"
21	21	0.0	0.0	1.0	0.0	@BBC	"RT @BBCr4today: Prince Harry is all set to guest edit the programme on Wednesday where you can expect a lot more of this...
Listen live her…"
22	22	0.2846	0.0	0.918	0.082	@BBC	We all know the lyrics to the beloved Fairytale of New York, but how much do you know about the song and its legacy… https://t.co/D62etc9KsC
23	23	-0.3182	0.084	0.916	0.0	@BBC	"RT @bbcthree: ""Think about the things you did get to do with them""

Young people on who they lost and how they'll remember them at Christma…"
24	24	0.0	0.0	1.0	0.0	@BBC	RT @BBCSpringwatch: When the kids wake you up at 6am to open presents... https://t.co/bHJ71lAg5U
25	25	0.4404	0.0	0.847	0.153	@BBC	"Doodlebugs. Where a clip show meets a sketch show and draws a funny face on it. ?

#DoodleBugs | @BBCOne |… https://t.co/5JpRtJ3zX4"
26	26	0.8016	0.0	0.729	0.271	@BBC	RT @bbcweather: #Sun starting to set on #Christmas eve, eve! Are you feeling ready for the big day yet? Some beautiful sunset shots taken b…
27	27	0.2177	0.0	0.911	0.089	@BBC	?Expectant mothers are told to change many aspects of their lives, from eating more to being careful about flying.… https://t.co/EBDw4a4jC6
28	28	0.0	0.0	1.0	0.0	@BBC	"A white-tailed sea eagle waterproofs its feathers from persistent Scottish coastal rain. ??

#ASlowOdyssey |… https://t.co/y5eeiAfbFA"
29	29	0.4019	0.0	0.87	0.13	@BBC	RT @BBCFood: Cheese straws 3 ways. Which one will you choose for your party? ? Full recipe here: https://t.co/TeImDPKYev #merrytwistmas htt…
30	30	0.0	0.0	1.0	0.0	@BBC	This group of people have a genetic condition which means they can't meet, so they've formed a virtual choir to rec… https://t.co/jsLnQPfjIG
31	31	0.4019	0.0	0.863	0.137	@BBC	RT @TWBBC: More nostalgia. Who remembers Roland Rat? Here he is on another Tomorrow's World Christmas Special https://t.co/okgvv4izU2
32	32	0.4767	0.0	0.866	0.134	@BBC	RT @BBC6Music: How will you be spending your Christmas Day? We asked one of our three wise women, Jodie Whittaker. https://t.co/8ZuMJYb619
33	33	0.0	0.0	1.0	0.0	@BBC	? What is #Hanukkah? ? https://t.co/W2iErgCMKP https://t.co/e8NlsEFgSC
34	34	0.0	0.0	1.0	0.0	@BBC	Did you know that trees communicate with each other using vast fungi networks beneath the ground? ??… https://t.co/0y5zvzuVD9
35	35	0.5423	0.0	0.809	0.191	@BBC	RT @BBC_Teach: Make your yuletide sparkle by growing some #TerrificScientific ?? Christmas crystals ?? using the power of science and some…
36	36	0.5093	0.0	0.82	0.18	@BBC	RT @BBCWthrWatchers: Welcome to Monday Weather Watchers! Lots of you out snapping already this morning. https://t.co/Z3t2J7kcQr
37	37	0.0	0.0	1.0	0.0	@BBC	"RT @BBCSport: The voting is open for #SPOTY.

It's time to have your say ?? https://t.co/DQf1YQT4L0 https://t.co/WvQYr12Ds7"
38	38	-0.4767	0.154	0.846	0.0	@BBC	"Our brains are hard-wired to believe things are worse than they really are, researchers found. 

@BBCWorldService e… https://t.co/ntMruWJYZm"
39	39	0.0	0.0	1.0	0.0	@BBC	Tonight, @McInTweet is joined by @mermhart and @NiallOfficial! Michael McIntyre's Big Show. 9pm on @BBCOne. ?… https://t.co/uXhH65iAgz
40	40	0.5994	0.0	0.769	0.231	@BBC	RT @BBCScotlandNews: Some of your beautiful pictures of Scotland this week ? ??????? https://t.co/XggeF3xTXG https://t.co/tpgXCWCUrD
41	41	0.4019	0.0	0.748	0.252	@BBC	Heading to the office Christmas party like... #FridayFeeling ? https://t.co/PdaaJAmNMZ
42	42	0.2975	0.116	0.72	0.164	@BBC	"Whilst us Brits seem totally incapable of dealing with snow, our wildlife has been having a great time. 

Here are… https://t.co/qaZWSZl2RA"
43	43	-0.1511	0.103	0.819	0.078	@BBC	"The mercury plummeted over the weekend in Scotland, reaching as low as -11.3 degrees at Dalwhinnie!
Here are your p… https://t.co/nHWTU8tAPa"
44	44	0.0	0.0	1.0	0.0	@BBC	RT @bbcthree: PLOT TWIST. #TheApprentice https://t.co/eIpXZy7Jm2
45	45	-0.0062	0.113	0.775	0.112	@BBC	RT @bbccomedy: When the help's so helpful, but you just can't stand her helping. #FirstWorldProblems #Motherland @MissDianeMorgan https://t…
46	46	0.0	0.0	1.0	0.0	@BBC	New research suggests that #ManFlu is a real thing. ? https://t.co/zMM12bFOCy
47	47	-0.34	0.134	0.787	0.079	@BBC	RT @AboutTheBBC: We're saddened to hear of the passing of Keith Chegwin who was a presenter on Multi-Coloured Swap Shop, Cheggers Plays Pop…
48	48	0.7177	0.0	0.667	0.333	@BBC	"Scotland, looking so beautiful under a blanket of ice. ?
Via @BBCScotland. https://t.co/CHUXsO10hF"
49	49	0.0	0.0	1.0	0.0	@BBC	???? Some brrrr-illiant cold snap snaps from the recent snowfall in the UK. ? https://t.co/AGS3V858KT https://t.co/xJmRwUlZlx
50	50	-0.5267	0.152	0.848	0.0	@BBC	"RT @BBCOne: ""The oceans are under threat now as never ever before in human history."" - Sir David Attenborough. #BluePlanet2 https://t.co/yn…"
51	51	0.0	0.0	1.0	0.0	@BBC	"RT @bbcthree: In 2011 BBC Three made a documentary about a boy who defied his bullies. 

Now #EverybodysTalkingAboutJamie again. https://t.…"
52	52	0.8911	0.096	0.468	0.436	@BBC	"RT @BBCWthrWatchers: Ok, so #snow can be a pain ...but wow ? 
We're all feeling just a little more festive after your great efforts today!…"
53	53	0.3818	0.1	0.682	0.218	@BBC	Do you feel pressure when giving Christmas gifts? @DrRadhaModgil discusses the psychology of giving &amp; receiving gif… https://t.co/DtkRGlOvdW
54	54	0.4588	0.0	0.824	0.176	@BBC	??? Are you smarter than an 11-year-old? Take this quiz &amp; find out... https://t.co/JNbY5UN9QB https://t.co/nZWffIrmGv
55	55	-0.3612	0.143	0.857	0.0	@BBC	RT @BBCTwo: This is why you should NEVER mess with other people's things... ?? #Motherland https://t.co/59wJYnkHLz
56	56	0.0	0.0	1.0	0.0	@BBC	"RT @bbcmusic: She's the most-streamed female artist of 2017, and she's guest hosting #SLFN this week ?
@DUALIPA we cannot WAIT ?
Watch: Fri…"
57	57	0.6124	0.0	0.722	0.278	@BBC	Royal weddings: How engaged are you? Test your knowledge of royal romances. ?? https://t.co/Wfsv471V1H https://t.co/CDXEjBuXG1
58	58	0.0	0.0	1.0	0.0	@BBC	While filming in the Galapagos, the #BluePlanet2 team had a rather unexpected visitor. ?? Via @BBCEarth https://t.co/n6ZlMNFJGv
59	59	0.0	0.0	1.0	0.0	@BBC	"“You can’t really see what it is” … ?
@BBCBreakfast asked some primary school kids to judge this year’s… https://t.co/cw6ujJcHw3"
60	60	0.0	0.0	1.0	0.0	@BBC	RT @BBCNewsbeat: For six months we've been following the lives of four people on their mental health journeys. They've recorded their most…
61	61	0.6997	0.0	0.792	0.208	@BBC	RT @BBCBreakfast: The sky could be especially bright tonight... as the moon is expected to be about 7% larger and 15% brighter than usual.…
62	62	0.5106	0.178	0.471	0.351	@BBC	"Is body positivity encouraging us to be unhealthy?
Via BBC Minute. https://t.co/UcuWAuy0vc"
63	63	0.7845	0.0	0.711	0.289	@BBC	"'Learning a new language is great. It's an opportunity to speak to new people.' 
Richard is a hyperpolyglot &amp; speak… https://t.co/0eFrqwXiso"
64	64	0.8151	0.0	0.718	0.282	@BBC	"RT @BBCSpringwatch: Three wise men? 
Not quite, but we do have three ADORABLE long-eared owls in the Autumnwatch advent calendar ? https://…"
65	65	0.0	0.0	1.0	0.0	@BBC	When your birthday falls on the same day as #StAndrewsDay ? Via @BBCTheSocial https://t.co/ULr3DAJRdk
66	66	0.4019	0.0	0.891	0.109	@BBC	This simulator is designed to help train teachers in the US on what to do in the event of a school shooting. Via… https://t.co/IxWWf8I9Jy
67	67	0.0	0.0	1.0	0.0	@BBC	When Will Ferrell sang an entire Whitney Houston song at a graduation ceremony. ? ? Via @BBCOne https://t.co/LkS5FYTXKx
68	68	0.4588	0.083	0.72	0.197	@BBC	RT @TWBBC: Your phone could help stop disease epidemics. Imagine one day having a biochip which tests for diseases like Zika. (via @Wellcom…
69	69	0.0	0.0	1.0	0.0	@BBC	Shout out to the Nandem! ?? Big Shaq's collab with Nanna Moe never gets old. Via @BBCR1 https://t.co/1uIkhqknke
70	70	0.8225	0.0	0.568	0.432	@BBC	Withering wit and words of wisdom: Oscar Wilde's best quotes. ? https://t.co/mmkVPb0GGt https://t.co/XERUQWYw6E
71	71	0.4588	0.0	0.864	0.136	@BBC	Prince Harry and Meghan Markle talk to the BBC following the announcement of their engagement. Tonight on @BBCOne a… https://t.co/24rVtRTNue
72	72	0.0	0.0	1.0	0.0	@BBC	How did Prince Harry and Meghan Markle meet? ??? ? https://t.co/c7nYqoI4wM https://t.co/UcZ12qcTzt
73	73	0.2023	0.0	0.893	0.107	@BBC	'You can't mug off the Queen'. ? ? ? @MrDDyer playing Send To All with @McInTweet is brilliant.… https://t.co/OMG46hz51X
74	74	0.5106	0.0	0.752	0.248	@BBC	Fox hitches free ride on London sightseeing bus. ? ?? https://t.co/eIvAXH6jsD https://t.co/C3pGb63t5F
75	75	0.0	0.0	1.0	0.0	@BBC	The @WorldPressPhoto's Noortje Gorter discusses what makes a world-beating image. ?? https://t.co/nwRCtV15Qh https://t.co/F6kRFdEuQr
76	76	0.3182	0.0	0.905	0.095	@BBC	Curfews, incentives, and science: this is how Iceland got its young people to give up drink and drugs. ?? Via BBC W… https://t.co/sqt0y7dMEj
77	77	0.6124	0.0	0.821	0.179	@BBC	She loves @Rihanna, she tries to not listen to her own music &amp; she used to want to be a radio DJ.??? ? 10 facts abo… https://t.co/GWAxjAiTwn
78	78	-0.5106	0.191	0.809	0.0	@BBC	"When a sick baby needs to be cradled, call the 'ICU Grandpa'... ??
Via @BBCWorldService. https://t.co/NHlRqhMvp2"
79	79	0.0	0.0	1.0	0.0	@BBC	RT @bbcpress: ? Smash-hit Scandinavian drama #TheBridge crosses to @BBCTwo for its final series: https://t.co/cmaQFf7YWu https://t.co/PG408…
80	80	0.5719	0.0	0.812	0.188	@BBC	"?? @Rick_Stein's chicken burritos are packed full of flavour (&amp; delicious toppings).
Full recipe here ?… https://t.co/vOG25Gz4xr"
81	81	-0.4939	0.176	0.824	0.0	@BBC	RT @bbcthree: When you're a heroin user, every day can feel identical to the last. #Drugsland https://t.co/6MYSm8E0EP
82	82	0.0	0.0	1.0	0.0	@BBC	How much do you know about the 'Big Blue'? Put your knowledge to the test in this #BluePlanet2 quiz. ? ? ?… https://t.co/7MnLp5PLzR
83	83	-0.3412	0.179	0.821	0.0	@BBC	"RT @BBCEarth: Dolphins aren't as gentle as they appear 
#BluePlanet2 #OurBluePlanet https://t.co/OtsG0511Ov"
84	84	0.0	0.0	1.0	0.0	@BBC	This Haredi area of Jerusalem is one of the most orthodox places in the world. #ExtremeWives via @BBCTwo. https://t.co/I8qqQdbySc
85	85	0.3724	0.0	0.855	0.145	@BBC	"RT @BBCEarth: They rarely attack humans, they're warm-blooded and give birth to 'pups' 
#BluePlanet2 #OurBluePlanet https://t.co/XgLUbBVixK"
86	86	-0.1027	0.097	0.903	0.0	@BBC	How @SimonCowell stepped in to pay for a young dancer’s scoliosis surgery. Via @BBC5Live. https://t.co/DMTefMhk91
87	87	0.8807	0.0	0.537	0.463	@BBC	If #BluePlanet2 has inspired you to help protect our oceans, here's how you can help. ? https://t.co/ymro9Ia716 https://t.co/vC1qGrep3e
88	88	0.0	0.0	1.0	0.0	@BBC	RT @BBCCiN: #Pudsey pal @MrPeterAndre chats all things #CiN with backstage host @Lindsey_Chapman https://t.co/xejkXp4mbA
89	89	0.3182	0.0	0.905	0.095	@BBC	"RT @BBCCiN: ""He's back doing what an 11 year old should be doing""

This is Sam's story, told by @TessDaly

Please donate https://t.co/HkSxq…"
90	90	0.1867	0.0	0.916	0.084	@BBC	"RT @BBCCiN: Tip toe-ing his way to our Appeal Show, it's @JasonDerulo!

Don't miss it 7PM, tonight, @BBCOne #CiN https://t.co/0Qm9f3ggKX"
91	91	-0.2263	0.095	0.905	0.0	@BBC	New translations of Abu Nuwas' poetry are 'as edgy and subversive today as they were 1200 years ago.'… https://t.co/1iGwbrOdnK
92	92	-0.5994	0.331	0.502	0.167	@BBC	Life threatening stem-cell treatment to combat MS was a risk 'well worth taking', BBC journalist @CarolineWyatt say… https://t.co/ZNbl0BsJAP
93	93	-0.0772	0.157	0.699	0.144	@BBC	UK actor Keith Barron, who starred in sitcom Duty Free, has died aged 83 after a short illness.… https://t.co/NqLEC4nYnP
94	94	0.4753	0.0	0.795	0.205	@BBC	Move over Ariel! ? Bearded Canadians pose as 'mermen' for a charity calendar. https://t.co/r0xwluVo36 https://t.co/Ub36o73Pwu
95	95	0.7845	0.0	0.669	0.331	@BBC	"RT @BBCCiN: Your incredible support means we help other young people like Sam #CiN

This is his story. https://t.co/yvdGuMcI0F"
96	96	0.0	0.0	1.0	0.0	@BBC	"RT @BBCCiN: Tonight @BoyGeorge takes the stage for BBC Children in Need Rocks the 80s ?

Tune in 8:30PM @BBC One #CiN https://t.co/hXeZrBqT…"
97	97	-0.3612	0.161	0.839	0.0	@BBC	'It's remembering that we are human.' Activist @Charlie_Craggs on fighting transphobia.  ? Via @BBC5Live. https://t.co/iXsyuYvwPJ
98	98	0.0	0.0	1.0	0.0	@BBC	RT @BBCTwo: Based on the critically acclaimed memoir by @Sathnam, @sacha_dhawan stars in The Boy with the Topknot. Monday, 9pm, @BBCTwo. ht…
99	99	-0.5719	0.32	0.68	0.0	@BBC	"RT @BBCWomansHour: Searching for the fallen servicemen with no grave.?
https://t.co/VIrnAycqeg #RemembranceSunday"
0	0	0.0	0.0	1.0	0.0	@CBS	RT @debrabirnbaum: .@ShawnRyanTV: To me, being on CBS is the opposite of preaching to the choir. #TCA18
1	1	0.0857	0.144	0.699	0.157	@CBS	Stream NC State Wolfpack at Arizona State Sun Devils LIVE today at 3PM ET with a 1-month FREE trial of… https://t.co/8k50thgtip
2	2	0.9601	0.0	0.434	0.566	@CBS	RT @thepickypantry: Beautiful tribute to @GloriaEstefan on the Kennedy Center Honors. Love Mi Tierra! Amazing and inspiring what a fighter…
3	3	0.6597	0.0	0.787	0.213	@CBS	RT @survivorcbs: 6 heroes, 6 healers, 6 hustlers, but only 1 sole #Survivor. Ready to find out who it is? Tune in to the #SurvivorFinale no…
4	4	0.25	0.0	0.875	0.125	@CBS	RT @HawaiiFive0CBS: Was it all a dream? Catch up on the #H50 Fall Finale: https://t.co/PDeOIaDGqu https://t.co/msEijhSSJH
5	5	0.5423	0.0	0.863	0.137	@CBS	Do you know all the nominees for Song Of The Year? Get familiar with this year's GRAMMY® Award nominees ahead of Mu… https://t.co/I6hhOtfQjb
6	6	0.8591	0.0	0.513	0.487	@CBS	RT @BobMackie: Our friend Tim Conway never failed to make us laugh #CarolBurnett50
7	7	0.0	0.0	1.0	0.0	@CBS	Find out when #BigBrother celebrity edition, #AmazingRace, #Survivor, new drama @instinctcbs and new comedy… https://t.co/4Psl74zcCB
8	8	0.0	0.0	1.0	0.0	@CBS	"RT @AllieNY86: His voice is mesmerizing 
#BrunoMars"
9	9	0.4559	0.0	0.858	0.142	@CBS	RT @funnyordie: Live! Watch Tim Meadows and Patrick Brammall of @NoActivityCBS play themselves in new 8-bit video game! https://t.co/nXCuHO…
10	10	0.0	0.0	1.0	0.0	@CBS	? #VSFashionShow https://t.co/Vs9sktkL8c
11	11	0.0	0.0	1.0	0.0	@CBS	She's an Angel! Tonight, @Harry_Styles hits the runway at the #VSFashionShow @ 10/9c on CBS &amp; CBS All Access:… https://t.co/PowmtV0e9V
12	12	0.0	0.0	1.0	0.0	@CBS	Only 3 more days until the Angels take flight in Shanghai! Watch the #VSFashionShow Tues, Nov. 28 @ 10/9c on CBS &amp;… https://t.co/OK12P30i8k
13	13	0.0	0.0	1.0	0.0	@CBS	Only one week until you can dance the night away with Bruno Mars: 24K Magic Live at the Apollo Wed, Nov. 29 @ 10/9c… https://t.co/ZgODJ387QJ
14	14	0.4926	0.0	0.856	0.144	@CBS	Hundreds of models hope to earn their wings at the Victoria's Secret Fashion Show Casting Auditions! Take a peek be… https://t.co/B2Wmc6KWjp
15	15	0.3818	0.0	0.852	0.148	@CBS	RT @NoActivityCBS: He's focused &amp; ambitious...with nothing to do. Meet Detective Cullen. #NoActivity premieres Sunday: https://t.co/wV2EEUj…
16	16	0.0	0.0	1.0	0.0	@CBS	Buffalo viewers: Due to NFL, stream the CBS lineup on-demand at https://t.co/bbQB95EVxJ tonight. For more:… https://t.co/u9U9P7Ggqq
17	17	0.4738	0.0	0.86	0.14	@CBS	Get ready for football! Stream NFL on CBS today w/ #CBSAllAccess (not available on mobile phones). Try 1 week FREE!… https://t.co/URKV4PPKvp
18	18	0.4019	0.0	0.87	0.13	@CBS	The stakes were high when #Bull stepped in to help his college roommate. Watch the latest episode now:… https://t.co/7dAjcF4eL4
19	19	0.5837	0.0	0.76	0.24	@CBS	RT @LifeInPiecesCBS: Laughter is coming your way! #LifeInPieces returns in TWO WEEKS! https://t.co/kvHTQA3Vlk
20	20	0.6514	0.0	0.787	0.213	@CBS	Stream the #10 Auburn Tigers @ LSU Tigers LIVE today at 3:30PM ET! Try #CBSAllAccess FREE: https://t.co/FKBoknACdr https://t.co/gM5DQCN2GL
21	21	0.5859	0.0	0.806	0.194	@CBS	RT @NoActivityCBS: New original comedy from Will Ferrell, Adam McKay &amp; @FunnyorDie ft @PatrickBrammall, Tim Meadows &amp; more comes to CBS All…
22	22	0.6369	0.0	0.819	0.181	@CBS	Love The Carol Burnett Show? Find out how you can be featured on TV in The #CarolBurnett50 Anniversary Special:… https://t.co/Adh0CiZFoz
23	23	0.0	0.0	1.0	0.0	@CBS	At the edge of the universe, Discovery begins. Stream episodes 1 &amp; 2 of #StarTrekDiscovery now:… https://t.co/ZOS7gG7oO4
24	24	0.8313	0.0	0.672	0.328	@CBS	RT @MeMyselfAndICBS: What were @bibbymoynihan &amp; @jaleelwhite like at age 14? The funny friends reflect on their teen years! #MeMyselfandI h…
25	25	0.7003	0.0	0.721	0.279	@CBS	S.W.A.T. star @ShemarMoore lights up the red carpet with a smile. See all the glamorous #Emmys looks:… https://t.co/MPPQk2QVOn
26	26	0.7845	0.0	0.592	0.408	@CBS	RT @TheEmmys: Congrats #jeanmarcvallee on your Primetime #Emmy  Award for #BigLittleLies https://t.co/O9b32ehkal
27	27	0.6696	0.0	0.817	0.183	@CBS	Television’s greatest night has arrived! Watch the #Emmys tonight at 8 PM ET / 5 PM PT on CBS and CBS All Access:… https://t.co/0fKy11rhoF
28	28	0.4215	0.0	0.682	0.318	@CBS	"RT @DollyParton: It's all true ?

#ACMHonors https://t.co/4IPN93ldDl"
29	29	0.3182	0.0	0.887	0.113	@CBS	RT @startrekcbs: We embrace the unknown. Stream the world premiere of #StarTrekDiscovery Sept 24 on CBS All Access: https://t.co/H4LOVFv6DX…
30	30	0.8016	0.0	0.754	0.246	@CBS	RT @SEALTeamCBS: Heroes come in all forms. ? Tell us about the hero in your life using #MyHeroIs and we may RT you! #SEALTeam @David_Borean…
31	31	0.1867	0.0	0.902	0.098	@CBS	RT @startrekcbs: Don't miss @SonequaMG on the @colbertlateshow tonight! ?  Tune-in at 11:35/10:35c on CBS. #StarTrekDiscovery #LSSC https:/…
32	32	0.0	0.0	1.0	0.0	@CBS	RT @startrekcbs: In 1 month, explore the final frontier. Stream #StarTrekDiscovery on CBS All Access starting 9/24: https://t.co/hqh7Q8J3Sp…
33	33	0.6166	0.0	0.748	0.252	@CBS	Go wild tonight and stream #ZooCBS with a FREE trial of #CBSAllAccess: https://t.co/yKuj9e9Lm9 https://t.co/Um9oW8DW9w
34	34	0.0	0.0	1.0	0.0	@CBS	New CBS All Access series #StrangeAngel will explore science and the occult: https://t.co/cPN91MTuih #TCA17 https://t.co/xDkdJesPtx
35	35	0.3612	0.06	0.815	0.124	@CBS	RT @SalvationCBS: Is it better to warn the public that a life-threatening #asteroid is speeding toward Earth or keep it a secret? #Salvatio…
36	36	0.5707	0.0	0.83	0.17	@CBS	Congrats to all of the incredible #Emmys nominees that were announced this morning! Find out who is nominated:… https://t.co/XK3MkDppPU
37	37	0.2716	0.0	0.884	0.116	@CBS	RT @SalvationCBS: #Salvation Poll: If the world was ending, what field is most important for reestablishing society?
38	38	0.0	0.0	1.0	0.0	@CBS	RT @ZooCBS: Mitch Morgan is alive...but how? Take a sneak peek at the #ZooCBS season premiere. https://t.co/69JYr3nH1R
39	39	0.8176	0.0	0.595	0.405	@CBS	RT @BlueBloods_CBS: Celebrate #FathersDay With These Delightful @CBS Dads: https://t.co/EallhsmeSw Via: @CBSWatchMag https://t.co/LyAsBj4Ebj
40	40	-0.296	0.145	0.855	0.0	@CBS	RT @SalvationCBS: Why is no one doing anything about this? ??  #LookUp #Salvation https://t.co/cjLemiYyei
41	41	0.6369	0.0	0.656	0.344	@CBS	RT @LMZzz: Incredible in the best way possible #TonyAwards2017
42	42	0.836	0.0	0.622	0.378	@CBS	Cynthia Nixon wins Best Performance by an Actress in a Featured Role in a Play? #TonyAwards2017… https://t.co/VFVC7TKIJl
43	43	0.0	0.0	1.0	0.0	@CBS	RT @latelateshow: #LateLateLondon continues tonight with @TomCruise and @JKCorden embarking on the cruise of a lifetime. Set sail at 12:37/…
44	44	0.6476	0.0	0.751	0.249	@CBS	Experience theatre that is simply inspiring. Join us live at the #TonyAwards2017 Sunday, June 11 on CBS!… https://t.co/RnEKo5bbLR
45	45	0.1513	0.11	0.75	0.14	@CBS	RT @MadamSecretary: No one delivers a stirring speech quite like Elizabeth. Watch the #MadamSecretary season finale now: https://t.co/jGHFn…
46	46	0.1139	0.0	0.922	0.078	@CBS	RT @AmazingRaceCBS: Don't miss tonight's back-to-back #AmazingRace episodes starting at 9/8c on CBS &amp; CBS All Access: https://t.co/k2aRc3kB…
47	47	0.4588	0.0	0.824	0.176	@CBS	Stream the season finales of your favorite shows tonight on #CBSAllAccess: https://t.co/BJeTNROJA0 #NCIS #NCISNOLA https://t.co/gRtJTe7lEQ
48	48	0.3595	0.0	0.828	0.172	@CBS	Join @hayeslady LIVE before tonight’s #KevinCanWait finale with @etnow's @leanneaguilera! Watch now:… https://t.co/sOeqC3EgwZ
49	49	0.4939	0.0	0.814	0.186	@CBS	Was Elizabeth able to save Jay? Catch up on last night's #MadamSecretary now: https://t.co/5lhGZOqNnN https://t.co/49NgnrzHI2
50	50	0.6369	0.0	0.781	0.219	@CBS	Too many to count. All The Reasons Why We Love Katey Sagal On #SuperiorDonuts: https://t.co/VJIedNuoOC https://t.co/47WAYlVcAt
51	51	0.8775	0.0	0.591	0.409	@CBS	This dance party doesn't have to stop. Watch the special tribute that honored the timeless music of the #BeeGees:… https://t.co/YAHmyJFYvm
52	52	0.7163	0.0	0.585	0.415	@CBS	RT @sharonclaudia: #GRAMMYSalute #BeeGees great childhood memories!!! ???
53	53	0.8475	0.0	0.461	0.539	@CBS	RT @eah1234: Amazing #GRAMMYSalute to the #beegees already! Amazing!
54	54	0.6514	0.0	0.776	0.224	@CBS	Stream the finale of #MacGyver LIVE tonight at 8/7c with #CBSAllAccess! Try 1 Week FREE: https://t.co/NXAagyVLZn https://t.co/RTNca0WouB
55	55	0.6166	0.0	0.713	0.287	@CBS	Stream golf LIVE today with 1 week FREE of #CBSAllAccess: https://t.co/r1kzigVWLT https://t.co/QmEl8dcxIl
56	56	0.4278	0.104	0.706	0.19	@CBS	Missed episodes from this season of #Bull? Try #CBSAllAccess FREE and stream NEW episodes all season:… https://t.co/IJKg58VRPw
57	57	0.0	0.0	1.0	0.0	@CBS	The queen of country Reba McEntire takes the stage with singer-songwriter Lauren Daigle. #ACMs https://t.co/91CBO0yZNs
58	58	0.6114	0.0	0.693	0.307	@CBS	Brothers Osborne wins #ACMs Vocal Duo Of The Year! https://t.co/rgiJYocybj
59	59	0.0	0.0	1.0	0.0	@CBS	End your weekend with a star-studded night of country music. Stream the #ACMs tonight at 8/7c on #CBSAllAccess:… https://t.co/5AirgUqPhQ
60	60	0.6166	0.0	0.799	0.201	@CBS	Stream a brand new episode of #CriminalMinds LIVE tonight at 9/8c with #CBSAllAccess. Try 1 week FREE now:… https://t.co/SD8IDMx4B5
61	61	0.8126	0.0	0.625	0.375	@CBS	"RT @MadamSecretary: ""Well played, Super Dad."" ? Henry attempts a family bonding activity in this #MadamSecretary sneak peek. https://t.co/V…"
62	62	0.7263	0.0	0.757	0.243	@CBS	RT @SuperiorDonuts: A signed script by the #SuperiorDonuts cast could be yours! Tweet us w/ #SDScriptSweeps for a chance to win. Rules: htt…
63	63	0.4215	0.0	0.859	0.141	@CBS	RT @2BrokeGirls: Max and Han kiss in the latest episode of #2BrokeGirls... Watch it again now: https://t.co/ar8E1WQWnE https://t.co/NIUnjL7…
64	64	0.3802	0.0	0.88	0.12	@CBS	RT @2BrokeGirls: Hey everybody! @JENCOOLIDGE &amp; @JonathanKite will be answering fan questions LIVE this Monday ? Tweet yours using the hasht…
65	65	0.4278	0.104	0.706	0.19	@CBS	Missed episodes from this season of #H50? Try #CBSAllAccess FREE and stream new episodes all season:… https://t.co/9CBkcyG8ux
66	66	0.0	0.0	1.0	0.0	@CBS	What did you think of last night's #NCISNOLA? Catch up now: https://t.co/iYTD52GjOd https://t.co/Y5FsjZ4kFk
67	67	0.9504	0.0	0.41	0.59	@CBS	RT @thetinafabulous: OMG! #theGoodFight is AMAZING!! Thanks @CBS @thegoodfight for giving us another GREAT show!!
68	68	0.4215	0.0	0.843	0.157	@CBS	RT @DoubtCBS: #Doubt stars @KatieHeigl &amp; @StevePasquale talk about that complicated kiss between their characters: https://t.co/qEze5S6dq4…
69	69	-0.296	0.196	0.804	0.0	@CBS	Stream the entire #GRAMMYs if you missed it: https://t.co/fUNvWOvQKz https://t.co/jjxOeonub4
70	70	0.7783	0.0	0.638	0.362	@CBS	"? @Adele wins #SongOfTheYear for ""Hello"" Check out 2nite's #GRAMMYs winners at CBS https://t.co/t67dXkqIPQ ? https://t.co/LQXMHpBeiv"
71	71	0.5106	0.0	0.645	0.355	@CBS	RT @CBSThisMorning: Flawless. @Beyonce at #GRAMMYs https://t.co/t5XLALv2jo
72	72	0.6514	0.0	0.836	0.164	@CBS	Tonight's the night! The #GRAMMYs are at 8pm ET/5pm PT. Watch the show on CBS All Access for FREE w/ a 1 week trial… https://t.co/KRgyktBiYH
73	73	0.6124	0.0	0.75	0.25	@CBS	These award-worthy female anthems are sure to inject you with a hefty boost of girl power: https://t.co/vvuWXgBpYD… https://t.co/RuGSc4Hy9Z
74	74	0.6369	0.0	0.792	0.208	@CBS	Meet the rising stars who went from humble beginnings to a #GRAMMYs nomination for Best New Artist:… https://t.co/lIMNsfPfgD
75	75	0.0	0.0	1.0	0.0	@CBS	Were Mac and Jack able to track down a corrupt FBI Agent on last night's #MacGyver? Catch up now:… https://t.co/nqIlrqFFWp
76	76	0.296	0.0	0.872	0.128	@CBS	More #GRAMMYs performers announced: @littlebigtown, @chancetherapper and more. Find out who else will join them:… https://t.co/68TQqSXiWI
77	77	0.8834	0.0	0.576	0.424	@CBS	"Join #NCISLA's @danielaruah and @7BOOMERESIASON for ""Super Bowl Greatest Commercials,"" tonight at 9/8c on CBS. #SBGC https://t.co/RiKSkDZSku"
78	78	0.0	0.0	1.0	0.0	@CBS	RT @TrainingDayCBS: 1 WEEK to the series premiere of #TrainingDay on Thursday, February 2nd at 10/9c! ? https://t.co/AwKivT2p9l
79	79	0.0	0.0	1.0	0.0	@CBS	How did Jamie handle meeting Eddie's new boyfriend? Watch the latest #BlueBloods to find out:… https://t.co/Gu7kDygMD3
80	80	0.4588	0.0	0.786	0.214	@CBS	Check out our favorite looks from the #PCAs Red Carpet https://t.co/OkwQGQav0C https://t.co/AB9R0EuAGZ
81	81	0.5093	0.0	0.785	0.215	@CBS	Watch #TheGreatIndoors’ star @joelmchale host @peopleschoice Awards! Stream it LIVE w/ #CBSAllAccess… https://t.co/Pwjl9EyKYd
82	82	0.7845	0.0	0.67	0.33	@CBS	The three-time GRAMMY Award winning @zacbrownband went from Nashville outlaws to music's most heralded acts:… https://t.co/ImltDvdyIc
83	83	0.0	0.0	1.0	0.0	@CBS	RT @SuperiorDonuts: The #SuperiorDonuts panel at #TCA17 is about to begin! Follow us for live updates with the cast &amp; executive producers!…
84	84	-0.128	0.163	0.698	0.14	@CBS	Max and Caroline had some bad luck on last night's #2BrokeGirls. Watch the latest episode now:… https://t.co/srGYVJpdnx
85	85	0.9036	0.0	0.451	0.549	@CBS	RT @KimberlySReed: Powerful, powerful performances! Phenomenal talent &amp; musical creativity! Extraordinary!!!!! @KCHonors @CBS #KCHonors
86	86	0.8588	0.0	0.596	0.404	@CBS	RT @sklarbar: Favorite tv show of the year, every year - The Kennedy Center Honors. Thanks, @CBS! #KCHonors
87	87	0.6808	0.0	0.763	0.237	@CBS	#Christmas is about to get even better. Tune in NOW to watch the #ILoveLucy Christmas Special LIVE w/ #CBSAllAccess… https://t.co/LbbNISZkEg
88	88	0.5267	0.0	0.812	0.188	@CBS	The way in which she blended purpose &amp;policy w/ fun, so that she was able to reach beyond Washington…was masterful… https://t.co/PRqxTdE84P
89	89	-0.5574	0.194	0.806	0.0	@CBS	Take your first sneak peek at @TheGoodFight. Things will get nasty starting Feb. 19th. https://t.co/E5Y2pwb2F4… https://t.co/0g0A3wlGop
90	90	0.8588	0.0	0.642	0.358	@CBS	Give yourself the gift of streaming by signing up for #CBSAllAccess! Try 1 week free, and watch your favorite shows… https://t.co/QUgSymjRcy
91	91	0.4588	0.0	0.75	0.25	@CBS	What were your favorite looks from this year’s #VSFashionShow? https://t.co/Q9CTGmAhAj
92	92	0.636	0.0	0.77	0.23	@CBS	RT @SaraSampaio: Can't get over of how magnificent this venue is! #grandpalais #vsfashionshow  ? @jerome_duran https://t.co/U4qZ07zFNK
93	93	0.3612	0.0	0.894	0.106	@CBS	RT @IamMariaBorges: Devon (@devwindsor) and I are ready to watch the sexiest program tonight (Dec. 5th) on @cbs television at 10/9 c. #vsfs…
94	94	0.508	0.0	0.785	0.215	@CBS	Hey West Coast, it's your turn! The #ILoveLucy Christmas special starts NOW! https://t.co/j9YYRD8ydC
95	95	0.8807	0.0	0.625	0.375	@CBS	Looks like Robbie made some new pals, but can they save his reindeer friends? #RobbieTheReindeer: Legend of the Los… https://t.co/Dc2e0RZh1v
96	96	0.5106	0.073	0.733	0.194	@CBS	RT @bigbangtheory: Bert's success is hard for Sheldon to stomach in the latest #BigBangTheory: https://t.co/BFoakgOiCQ https://t.co/ti1nt4v…
97	97	-0.2263	0.176	0.687	0.137	@CBS	Was Team Scorpion able to save Walter's hometown from disaster? Catch up on the latest episode now:… https://t.co/pggqDPSiNI
98	98	-0.1027	0.091	0.909	0.0	@CBS	Tonight's @TheOddCoupleCBS will pay tribute to the late television and film legend, Garry Marshall:… https://t.co/hYynLI3LJ7
99	99	0.0	0.0	1.0	0.0	@CBS	RT @thegoodfight: Production begins in NYC on #TheGoodFight, the new edition of #TheGoodWife premiering Feb 2017 on #CBSAllAccess. https://…
0	0	-0.7096	0.349	0.651	0.0	@CNN	Actor Jerry Van Dyke, brother of Dick, dies at age 86 https://t.co/E0FabaOazB https://t.co/xbrFGdWlQd
1	1	-0.7783	0.312	0.688	0.0	@CNN	Book fury hits Trump where it hurts most -- his image | Analysis by Stephen Collinson https://t.co/tV7i8rZG55 https://t.co/WdoeFpsgLn
2	2	-0.4927	0.144	0.856	0.0	@CNN	"President Trump says countries that are ""very harsh"" on drugs have ""much less difficulty,"" adding, “I think we’re g… https://t.co/ZPHc5YoeUW"
3	3	0.0	0.0	1.0	0.0	@CNN	These are 6 tech trends to watch at this year's International Consumer Electronics Show https://t.co/L1ikeGeajG https://t.co/kdax92hIKU
4	4	0.4391	0.0	0.888	0.112	@CNN	Rep. Paul Ryan: “We have a very bold agenda for 2018. We think this agenda is one that will appeal to everyone in b… https://t.co/jgw3Rb5DH3
5	5	0.4588	0.0	0.769	0.231	@CNN	Why billions of dollars in lottery prizes go unclaimed https://t.co/rUoU3qZAJ6 https://t.co/3zw2tNYnG1
6	6	0.5267	0.079	0.714	0.207	@CNN	JetBlue says it's handing out $21 million worth of bonuses to employees because of the corporate tax cut -- all 21,… https://t.co/4aK4cIXv8e
7	7	0.0	0.0	1.0	0.0	@CNN	Delta Air Lines flew its last Boeing 747 to an aircraft boneyard in Arizona this week, ending operations for 747s b… https://t.co/NlIRtUPKSn
8	8	0.0	0.104	0.792	0.104	@CNN	"""Lyin’ Ted""
""Low Energy Jeb""
""Little Marco""

Where does ""Sloppy Steve"" rank among President Trump's other nicknames… https://t.co/bBf534HMy3"
9	9	0.3182	0.0	0.859	0.141	@CNN	Federal authorities are actively investigating allegations of corruption related to the Clinton Foundation, accordi… https://t.co/mr2aqLiMxQ
10	10	-0.1531	0.118	0.882	0.0	@CNN	Apple says all Macs and iOS devices affected by chip flaws https://t.co/F4GBhaMhUC https://t.co/drCnPAp3GL
11	11	-0.7783	0.312	0.688	0.0	@CNN	Book fury hits Trump where it hurts most -- his image | Analysis by Stephen Collinson https://t.co/0Jc6vl5MkY https://t.co/hdaWF35WL8
12	12	0.4939	0.0	0.802	0.198	@CNN	Construction has begun on a $2.3 billion project to extend the natural contour of Monaco’s coastline a further 15 a… https://t.co/P3sKM6Gwct
13	13	-0.1531	0.11	0.89	0.0	@CNN	10 times Donald Trump has raised the possibility of lawsuits on Twitter https://t.co/ybP9APYsFE https://t.co/BM0pZNIN55
14	14	-0.5859	0.226	0.774	0.0	@CNN	The White House has dissolved President Trump's much-touted commission on election fraud https://t.co/bDNwiNTyFp https://t.co/vWhial8tGr
15	15	0.0	0.0	1.0	0.0	@CNN	Two conservative lawmakers have called for Attorney General Jeff Sessions to step down https://t.co/aYXGNokgl1
16	16	-0.4404	0.148	0.786	0.066	@CNN	An attorney for President Donald Trump is threatening legal action against Steve Bannon over comments he made in a… https://t.co/nyi6Ql6lIO
17	17	-0.5859	0.231	0.769	0.0	@CNN	"Winter storm disruption:
- Over 40,000 people in Virginia and North Carolina have lost power
- Schools closed Thurs… https://t.co/59OS2KFBHx"
18	18	-0.4939	0.144	0.856	0.0	@CNN	The political bomb cyclone otherwise known as the Trump presidency has brought 2018 in with a roar | Analysis by St… https://t.co/qjTolnfR27
19	19	0.0	0.0	1.0	0.0	@CNN	Steve Bannon may just be right, writes Errol Louis for @CNNOpinion https://t.co/8GtKEacQGT https://t.co/aaAd6cGStL
20	20	0.4019	0.0	0.881	0.119	@CNN	Republican Sen. Orrin Hatch says he'd support Mitt Romney if the 2012 GOP presidential nominee enters the race to r… https://t.co/RyKkjq56Nx
21	21	0.4767	0.124	0.599	0.277	@CNN	There are 40 million people living in poverty in the US today. @iamwesmoore is focused on creating opportunities fo… https://t.co/kafRaR8AAU
22	22	0.5773	0.0	0.655	0.345	@CNN	Why Twitter won't block Trump despite his nuclear threats https://t.co/5T6eDfEE3o https://t.co/BzcvkCFsNs
23	23	0.0	0.0	1.0	0.0	@CNN	It’s snowing in Florida, so these kids decided to make snow angels on their backyard trampoline… https://t.co/JNF4LAzd0Q
24	24	0.0	0.0	1.0	0.0	@CNN	Donald Trump's nuclear button is bigger than yours | Analysis by @CillizzaCNN https://t.co/Pp29j0JHS3 https://t.co/vRTD4zDAnw
25	25	0.3612	0.0	0.762	0.238	@CNN	This is what subzero temperature looks like https://t.co/OqgF5N5LqG https://t.co/IjrPyrEz4C
26	26	-0.4767	0.162	0.838	0.0	@CNN	A far-right member of Germany's parliament had her Twitter account suspended shortly after posting an anti-Muslim m… https://t.co/DTR349XDws
27	27	0.5106	0.0	0.837	0.163	@CNN	"Former White House counsel John Dean says former President Richard Nixon might've survived Watergate ""if there'd be… https://t.co/nWlqOdeM7z"
28	28	-0.0534	0.113	0.781	0.105	@CNN	1,500 more security barriers are going up in busy parts of New York City to guard against vehicle attacks and other… https://t.co/MnGAPbIXIS
29	29	0.34	0.0	0.862	0.138	@CNN	Only a small slice of corporate America has shared tax savings with workers so far https://t.co/0ufOhPeHyw https://t.co/k7BjNS2wqW
30	30	-0.1027	0.069	0.931	0.0	@CNN	US companies are preparing to pay hundreds of billions of dollars in tax on cash they have stashed overseas… https://t.co/n00JJv4VqF
31	31	-0.1531	0.127	0.873	0.0	@CNN	Gretchen Carlson named as new chair of Miss America Organization https://t.co/OTGar64xAa https://t.co/4q3SzM2cgN
32	32	0.0	0.0	1.0	0.0	@CNN	JUST IN: Hoda Kotb named permanent co-host of NBC's 'Today' https://t.co/JgsG5XHJ5O https://t.co/2o6SMF4QaB
33	33	-0.8689	0.436	0.48	0.084	@CNN	Meet Swoosh, a cancer therapy dog, and watch him surprise two young boys battling cancer https://t.co/gtgotCFiyN https://t.co/BYnD2KLMp4
34	34	-0.4019	0.162	0.838	0.0	@CNN	The World Health Organization is planning to recognize gaming disorder as a mental health condition… https://t.co/0RrLT04XIn
35	35	-0.6705	0.184	0.816	0.0	@CNN	"? Trump's first tweet of the new year took a swipe at Pakistan
? The gunman who on killed a deputy in a Denver subu… https://t.co/YNzjjrjcLp"
36	36	0.4215	0.0	0.859	0.141	@CNN	A group of more than 1,000 women in entertainment, including Reese Witherspoon, Shonda Rhimes and Meryl Streep, hav… https://t.co/LqSov7w2xh
37	37	0.0	0.0	1.0	0.0	@CNN	"2018 is ""going to be something very, very special,"" President Trump says to New Year's Eve guests at his Florida re… https://t.co/w6j7nnkRsb"
38	38	-0.0258	0.178	0.654	0.168	@CNN	Here's why the Iran protests are significant https://t.co/JvHApPWvRJ https://t.co/5bS1Ix4SWD
39	39	0.1779	0.17	0.612	0.218	@CNN	This overweight shelter dog helped save a 340-pound man's life https://t.co/EIDHmUjTW6 https://t.co/yLXnhtphgB
40	40	0.0	0.0	1.0	0.0	@CNN	These are the most anticipated movies and TV of 2018 https://t.co/p0IYN8kcFc
41	41	0.0	0.0	1.0	0.0	@CNN	"Here are the full lyrics to ""Auld Lang Syne"" so you don't mumble your way through it https://t.co/svLtYrfsRP https://t.co/aQzN1XfG0K"
42	42	0.0	0.0	1.0	0.0	@CNN	Photos from New Year's 2018 celebrations around the world #CNNNYE https://t.co/MM1KgW8nts https://t.co/l4b39w4j4E
43	43	0.3818	0.0	0.843	0.157	@CNN	For nearly 50 years, two Vietnam vets kept alive a New Year's Eve pact. https://t.co/WWQeJHgz7t https://t.co/MwFc13Yi91
44	44	0.0	0.0	1.0	0.0	@CNN	2018's first supermoon will be on New Year's Day https://t.co/n1GsCvVPnP https://t.co/NCDG3MaLPB
45	45	0.0	0.0	1.0	0.0	@CNN	Amy Poehler is returning to the Golden Globes stage, this time as a presenter https://t.co/xpFQypBlCo https://t.co/Yuzb9kwD4m
46	46	0.0	0.0	1.0	0.0	@CNN	"Former President Obama: ""Go keep changing the world in 2018"" https://t.co/oQ86B7UH0F https://t.co/cUHkMeyfZb"
47	47	-0.7964	0.415	0.585	0.0	@CNN	"Two arrested in ""horrific"" quadruple murders in upstate New York https://t.co/GTt9u2uktE https://t.co/JHDIvewZHu"
48	48	0.4404	0.0	0.854	0.146	@CNN	Lake-effect snow has been in the news lately, thanks to massive snowfall that blanketed Erie, Pennsylvania. Here's… https://t.co/qInuUDGT0E
49	49	0.5563	0.0	0.841	0.159	@CNN	Former President Barack Obama and former Secretary of State Hillary Clinton remain the most admired man and woman i… https://t.co/Pkxj4f50I7
50	50	0.0	0.0	1.0	0.0	@CNN	President Trump's first formal medical exam since taking office will be on Jan 12 https://t.co/Rbupofv4Xi https://t.co/lb1HYlAzCP
51	51	0.1779	0.0	0.892	0.108	@CNN	President Trump, Amazon and the US Postal Service: The story behind the tweet https://t.co/Dm2UeJB8B2 https://t.co/RicGCrmWjP
52	52	0.0	0.0	1.0	0.0	@CNN	Goldman Sachs says it's about to take a big hit from the massive overhaul of the US tax code https://t.co/r8lGIKYgKn
53	53	-0.3182	0.223	0.777	0.0	@CNN	China's bike-sharing frenzy has turned into a bubble https://t.co/3Lyum3liN1 https://t.co/gXLB53yqez
54	54	0.0	0.0	1.0	0.0	@CNN	Amy Poehler is returning to the Golden Globes stage, this time as a presenter https://t.co/mRN9t9JiR5 https://t.co/2O6evBcJWi
55	55	0.0	0.0	1.0	0.0	@CNN	Netflix CEO Reed Hastings will receive nearly $30 million in stock options next year https://t.co/mrBgd4YP9W
56	56	-0.6369	0.323	0.677	0.0	@CNN	A former Miss America has started a petition to pressure more of the organization's leaders to resign https://t.co/hEuOgxPkvG
57	57	0.0	0.0	1.0	0.0	@CNN	Four star chefs. One unforgettable meal. And you’re invited. | via @CNNTravel https://t.co/2wVShhPFwW https://t.co/Y2VxfcVhnK
58	58	0.4215	0.0	0.851	0.149	@CNN	More than a dozen animals rescued from a zoo outside Aleppo, Syria, have found a new home in Jordan… https://t.co/0JwcF8deVp
59	59	-0.946	0.522	0.478	0.0	@CNN	At least 40 people were killed Thursday in a suicide bomb attack in Afghanistan's capital Kabul, authorities say… https://t.co/jFlILqqJ7h
60	60	-0.2732	0.104	0.896	0.0	@CNN	As the President golfed in West Palm Beach, Florida, a large white truck blocked nearby journalists -- positioned o… https://t.co/eMYlG1OWjJ
61	61	-0.5994	0.281	0.719	0.0	@CNN	Indian billionaire quits mobile business after brother's price war https://t.co/MoefHKfC7K https://t.co/vtI6FACMxK
62	62	0.1531	0.0	0.926	0.074	@CNN	"""The impending nuptials of Prince Harry and Meghan Markle may have just hit their first snag: Whether to invite Don… https://t.co/NQ8HUsmfA6"
63	63	-0.4215	0.135	0.865	0.0	@CNN	A six-month-old baby who was on a list of critically ill people to be evacuated from Syria's besieged Eastern Ghout… https://t.co/SBlyiBuFWq
64	64	0.4767	0.0	0.819	0.181	@CNN	These men were friends for 60 years before discovering they're also biological brothers https://t.co/KVxZW4MSpo https://t.co/dnU9IG6kzk
65	65	0.4019	0.0	0.816	0.184	@CNN	This street in Okayama, Japan is devoted to denim https://t.co/CTywUDYk9M via @CNNStyle https://t.co/OJWl07nUY2
66	66	0.0	0.0	1.0	0.0	@CNN	The NFL has canceled Sunday Night Football this week https://t.co/LEOQF4VSOI
67	67	0.7269	0.0	0.736	0.264	@CNN	RT @OutFrontCNN: Billy Graham’s granddaughter: President Trump has not shown me that he is a strong man of faith https://t.co/oBFMuG6hHY
68	68	0.0	0.0	1.0	0.0	@CNN	Virginia Democrat asks court to reconsider decision that made delegate race a tie https://t.co/W1aO1ZAID5 https://t.co/vdO4n7IqO9
69	69	-0.5574	0.265	0.735	0.0	@CNN	Tunisia suspends Emirates flights following female passenger travel ban https://t.co/8YPZdQii6Y https://t.co/9BgQW1SS28
70	70	-0.8402	0.286	0.714	0.0	@CNN	"""The Sound of Music,"" actress Heather Menzies Urich has died of brain cancer, said her son. She was 68 years old… https://t.co/Sj2AbBYwVm"
71	71	-0.3182	0.113	0.887	0.0	@CNN	"They've been dubbed ""ghost ships."" This year marked a record for this mysterious phenomenon as nearly 100 North Kor… https://t.co/q60bnhNXxJ"
72	72	0.4019	0.0	0.816	0.184	@CNN	A Chinese firm clones gene-edited dog in a bid to treat a cardiovascular disease https://t.co/GfWCY5BN2V https://t.co/lYBRTg2ojp
73	73	0.0	0.0	1.0	0.0	@CNN	2017: the year we all moved a little further apart | via @CNNopinion https://t.co/7UNuy1Po45 https://t.co/ypwiZNcqIU
74	74	0.6908	0.104	0.52	0.376	@CNN	The strange and fascinating stories behind your favorite Christmas songs https://t.co/nVY66jdlUp https://t.co/fEAHMFs4C0
75	75	0.0	0.0	1.0	0.0	@CNN	A video capturing an unidentified object flying off the coast of San Diego in 2004 has been released by the US Depa… https://t.co/wH0kHI8gfP
76	76	0.25	0.0	0.833	0.167	@CNN	A pilot surprised his parents aboard a flight after being apart from them for 17 Christmases in a row… https://t.co/nWsdaYq50A
77	77	0.0	0.0	1.0	0.0	@CNN	These four chefs met in the ‘80s … and changed everything | via @CNNTravel https://t.co/cridqu5mEA https://t.co/cSnyXdIJAs
78	78	-0.3252	0.189	0.811	0.0	@CNN	US-Russia relations are getting chilly despite President Trump's hopes https://t.co/umfI3vXv75 https://t.co/M7w5X9Gd30
79	79	0.0	0.0	1.0	0.0	@CNN	Take a look back at the photos that shaped 2017 https://t.co/1Zs8dZtn3O https://t.co/RqqIPwcd6p
80	80	0.34	0.0	0.897	0.103	@CNN	She asked Santa only for food, a blanket and a ball for her brothers to play with. Then her elementary school in ru… https://t.co/pDbvclBQTl
81	81	0.0	0.0	1.0	0.0	@CNN	A video capturing an unidentified object flying off the coast of San Diego in 2004 has been released by the US Depa… https://t.co/U5HQucNjg9
82	82	-0.6124	0.235	0.765	0.0	@CNN	"""They use black men as slaves."" Migrants tell of brutality in Libya https://t.co/lhAC5p7AbZ https://t.co/pIfjkyM26a"
83	83	0.128	0.094	0.785	0.12	@CNN	Princess Michael of Kent apologized for wearing a controversial brooch to a Buckingham Palace lunch attended by Pri… https://t.co/Oy9qqISERL
84	84	0.6249	0.0	0.733	0.267	@CNN	"Why the rituals that ""our family does"" make it stronger while promoting early development. https://t.co/JHQIu1RqG5 https://t.co/aOTq1LLo2g"
85	85	-0.3818	0.18	0.722	0.098	@CNN	"Alabama Sen.-elect Doug Jones clarifies comments on sexual harassment allegations facing President Trump: ""I think… https://t.co/j8jB3AG5Uc"
86	86	0.34	0.0	0.862	0.138	@CNN	"Democratic congressman Ruben Gallego slams Putin calling Trump's new security strategy ""aggressive"": ""Putin and Rus… https://t.co/MCbssNglK7"
87	87	0.0	0.0	1.0	0.0	@CNN	Fox News' chief Washington correspondent, James Rosen, is leaving the network https://t.co/om6YW4XE6J https://t.co/0YKrlMaiD6
88	88	-0.7506	0.303	0.697	0.0	@CNN	Mattel is struggling. Hasbro has fallen from its highs. Even the mighty Lego posted a recent drop in sales. Here's… https://t.co/LyeivVYR4P
89	89	-0.3818	0.18	0.722	0.098	@CNN	"Alabama Sen.-elect Doug Jones clarifies comments on sexual harassment allegations facing President Trump: ""I think… https://t.co/dIYpCyFLHs"
90	90	0.0	0.0	1.0	0.0	@CNN	UK passports will change from burgundy to blue after Brexit https://t.co/XJwtDarhG5 https://t.co/DpFa0O91YD
91	91	0.0	0.0	1.0	0.0	@CNN	The biggest tour company taking Westerners into North Korea has seen business down at least 50% since June, one of… https://t.co/CrHss4KOxT
92	92	0.0	0.0	1.0	0.0	@CNN	The bodies of six men were found hanging from bridges in the Mexican state of Baja California Sur, the state's atto… https://t.co/HbU40p9vxO
93	93	0.4767	0.0	0.846	0.154	@CNN	Intelligence committee member Democrat Rep. Jim Himes: Not all the facts that impacted James Comey's decisions, in… https://t.co/mk8sEMA3fQ
94	94	-0.5106	0.268	0.732	0.0	@CNN	Chipotle reports sick employees at an LA restaurant https://t.co/jmLaeM279g https://t.co/bwY6jpAD4M
95	95	-0.7003	0.367	0.633	0.0	@CNN	The GOP tax bill could make the trade deficit worse https://t.co/CihTK631YL https://t.co/H2HB7rEzVU
96	96	0.0	0.0	1.0	0.0	@CNN	Atlanta mayoral candidate Mary Norwood conceded the race two weeks after the election runoff, saying she will not c… https://t.co/nsxX2p17kw
97	97	-0.7783	0.298	0.702	0.0	@CNN	Three former deputies in central Georgia have been indicted on murder charges in connection with the Taser-related… https://t.co/omZ37ecpT0
98	98	-0.4767	0.162	0.838	0.0	@CNN	Melbourne car attack witnesses say the vehicle crashed into a bollard after hitting pedestrians on Flinders Street,… https://t.co/eqWcM4km5z
99	99	0.1477	0.142	0.673	0.185	@CNN	Two more accusers join defamation lawsuit against Bill O'Reilly https://t.co/kurPXhQco5 https://t.co/7ouU3ScrsC
0	0	0.0	0.0	1.0	0.0	@FOX	I’ve spent a little bit of time with my photo backlog today and decided to publish a few selected shots to… https://t.co/Erhjfvffzs
1	1	0.4574	0.0	0.87	0.13	@FOX	If you know or run a company in Australia (or anywhere!) that could help us send 62 people from underrepresented gr… https://t.co/PP59RvFvfR
2	2	0.7845	0.0	0.717	0.283	@FOX	RT @aedison: “Sure, diversity is important, but what about diversity of ideas? Like the idea that chancers like me should have a voice even…
3	3	0.4939	0.142	0.617	0.241	@FOX	"RT @justkelly_ok: ""I will be a hero for men's freedom once she gets raped and killed."" 
- Alex Gulakov

Police need to take this seriously.…"
4	4	0.8555	0.0	0.591	0.409	@FOX	@adambrenecki That’s a good suggestion. I’ve found a few, just don’t want to offer sweets only for breakfast :) See… https://t.co/IOqVnvqgpj
5	5	-0.6124	0.417	0.583	0.0	@FOX	"Motto for 2018: zero fucks, million blocks to give. 

?"
6	6	0.7964	0.0	0.701	0.299	@FOX	Look, some people party during the holiday season, I clean my pantry and go deep into the rabbit hole of kitchenware purchases. ????
7	7	0.296	0.089	0.732	0.179	@FOX	"RT @alicegoldfuss: Two statements that are both true:

- Tech industry titles are non-standardized and offer no solid proof of experience o…"
8	8	0.4199	0.0	0.843	0.157	@FOX	@mbrianaepler Hah, thank you! It’s a lot of reading, educating myself plus copying what others are doing.
9	9	-0.296	0.109	0.891	0.0	@FOX	"1) No work-related apps (Slack, etc.).
2) Notifications only for messages and mindfulness reminders.
3) Do Not Dist… https://t.co/DELCwJC9Zw"
10	10	-0.6597	0.243	0.708	0.049	@FOX	@morajabi Moreover, we explicitly say we always contact both future speakers and rejected talk authors; no matter t… https://t.co/slAtXJWMRk
11	11	0.0	0.0	1.0	0.0	@FOX	RT @sabrina: When you try to earn thought leader points but it backfires bc the tech twitterati has (thankfully) trended towards being anti…
12	12	0.2263	0.128	0.685	0.187	@FOX	RT @kateconger: Hi friends, today is the international day to end violence against sex workers. If you work in tech, it’s a good day to spe…
13	13	0.1531	0.124	0.722	0.155	@FOX	@mbrianaepler Hi, I’m aware of Tech Inclusion’s mission :) unfortunately, the article only highlights gender diversity.
14	14	0.4926	0.0	0.758	0.242	@FOX	@jllord You’re the strongest woman, Jessica. ?? we have your back!
15	15	-0.3699	0.315	0.498	0.187	@FOX	@butwhoiskat def not wasting my time for assholes ?
16	16	0.4926	0.0	0.653	0.347	@FOX	@fhinkel General performance is good too! Bookmarked ?
17	17	0.7003	0.064	0.64	0.296	@FOX	@mikeal Yeah, I agree it’s tricky, although I find it interesting to see the earnings spread because I did get an i… https://t.co/9mjqzbo0dB
18	18	0.6705	0.0	0.756	0.244	@FOX	@karlbright naah, I love my cameras. Still use Canon + Fuji XT1 heavily, for “real” photography. I do want the X th… https://t.co/2IF1P3sq3q
19	19	0.0	0.0	1.0	0.0	@FOX	RT @stephpalmeri: The Cost of Devaluing Women - must read from @SallieKrawcheck in the New York Times https://t.co/CdBJ8rHQT9
20	20	0.5574	0.0	0.827	0.173	@FOX	"RT @vdignum: Please endorse the Bechdel test for academic&amp;tech conferences:
1) two women speaking
2) in the same panel or session
3) not ab…"
21	21	0.0	0.0	1.0	0.0	@FOX	One of the reasons why I’m not participating in Australian startup ecosystem is the culture of perpetuating structu… https://t.co/tG9kCca3I5
22	22	0.4215	0.0	0.882	0.118	@FOX	"RT @projectinclude: 'Complicit' is word of the year.  Decide who you will be.  ""Those who speak out against powerful figures in institution…"
23	23	0.0	0.0	1.0	0.0	@FOX	"RT @pocintech: 200 Women of Color On Twitter To Follow. 

by @NikkyMill 

https://t.co/QvyFVgATdE https://t.co/oDFGmPdmWU"
24	24	0.0	0.0	1.0	0.0	@FOX	@web_goddess @themaninblue @crankymate I’m on the look for local tech orgs willing to sponsor @jsconfau/@cssconfau,… https://t.co/C1dIRZkNOA
25	25	0.6893	0.0	0.696	0.304	@FOX	Make sure to attend @MumtazaNetwork’s Networking 101 empowering women this Thursday! Incredibly inspiring panellist… https://t.co/H2tazouZlD
26	26	-0.6705	0.423	0.491	0.086	@FOX	F*ck Morrissey and his defence of abusers. Not sorry for swearing. https://t.co/ViBNSgqKUr
27	27	0.7345	0.0	0.492	0.508	@FOX	@madalynrose Thank you for your kind feedback, Madalyn! ?
28	28	-0.0258	0.232	0.595	0.173	@FOX	You can’t trick us with your fake care about inclusion, @uber. Fix this. https://t.co/sYorYSCakk
29	29	-0.34	0.124	0.876	0.0	@FOX	I’m literally on fire today (that means both coding capabilities and the fact that it’s 35°C in Melbourne).
30	30	0.6696	0.0	0.69	0.31	@FOX	"@whitneyhacks ?

We’d love you to apply to JSConf AU too! https://t.co/6XXZPqUZql"
31	31	0.0	0.0	1.0	0.0	@FOX	This might be obvious, but I’m unsure—if a conference has gender neutral bathrooms, would you expect male+female toiletries in both?
32	32	0.8979	0.0	0.558	0.442	@FOX	We’ll support you in delivering the best talk possible. We’re committed to welcoming members of underrepresented groups on stage ?
33	33	-0.6249	0.263	0.637	0.1	@FOX	RT @jenbrea: It's the height of privilege to be able to look away from pain, whoever's pain it is.
34	34	0.0	0.0	1.0	0.0	@FOX	@dan_abramov ?? Can I tempt you to submit a proposal? https://t.co/6XXZPqUZql
35	35	-0.7579	0.319	0.681	0.0	@FOX	Code of Conducts done wrong: no reporting info, no guidelines on what behaviour is prohibited. This is harmful,… https://t.co/IEgevkxPes
36	36	0.7959	0.0	0.664	0.336	@FOX	A fascinating slide deck on why women don’t advance to leadership and senior roles. Kudos, @clevergirl! https://t.co/nCHy9guwBF
37	37	0.6369	0.0	0.656	0.344	@FOX	This is the best photo I’ve ever taken. https://t.co/PCpiY1zWAL
38	38	0.0	0.0	1.0	0.0	@FOX	@zealigan The CFP isn’t open yet (Nov 1). If you follow either of the conference accounts there will be detailed in… https://t.co/t91Yy5XD4N
39	39	0.1007	0.152	0.674	0.174	@FOX	@TechWraith True! I know uber had pointers in the app if drivers had hearing problems.
40	40	-0.8271	0.251	0.749	0.0	@FOX	RT @ktzhu: Everyone who was *outraged* about Harvey Weinstein should be just as outraged and speaking out on R. Kelly. His abuse is not a n…
41	41	0.0	0.0	1.0	0.0	@FOX	ICYMI: I’ve listed organisations/individuals in diversity and inclusion space I look up to ?? Check out their work! https://t.co/EQ8D4HtcOj
42	42	0.6588	0.0	0.736	0.264	@FOX	Thank you for your commitment to diversity &amp; inclusion ? @ekp @yassmin_a @sw @cczona @susanthesquark @triketora @justkelly_ok @ashedryden!
43	43	0.5267	0.0	0.476	0.524	@FOX	@jstn ? pedantic cleaner in me approves
44	44	-0.5859	0.163	0.792	0.046	@FOX	“Every time a man commits a violent act it only takes one or two steps to figure out how it’s a woman’s fault.” https://t.co/6Bx275AuFN
45	45	0.813	0.0	0.669	0.331	@FOX	It’s easy to fall into binary “feminism” servicing often somewhat privileged white women. We have to do better than this.
46	46	0.5994	0.0	0.795	0.205	@FOX	"RT @abzdafab: Dear Men, Please remove the phrase ""as a husband and/or a father of daughters"" from your vocabulary. Women exist outside your…"
47	47	-0.2263	0.201	0.636	0.163	@FOX	So who’s going to build basically Twitter but with actual harassment prevention and fostering safe, inclusive communities?
48	48	0.0	0.0	1.0	0.0	@FOX	@yassmin_a ahahahahahahahah ??? pure gold.
49	49	0.4404	0.0	0.674	0.326	@FOX	@spikebrehm @sarahmei @typicaltechtran good to hear ??
50	50	0.0	0.0	1.0	0.0	@FOX	RT @projectinclude: Despite corp focus on D&amp;I, Black/Latino representation in SV has declined, study shows. #MoreThanGender #inclusion  htt…
51	51	0.0	0.0	1.0	0.0	@FOX	@kylietimpani ???
52	52	0.0	0.0	1.0	0.0	@FOX	Last two weeks at my job (yay!). Here’s what I’ll be doing for the next few months. https://t.co/Ry36vxYhYL
53	53	0.4404	0.0	0.818	0.182	@FOX	@garannm actually, it’s me watching trash movies and @benschwarz is still around, what a gift ?
54	54	0.7269	0.0	0.413	0.587	@FOX	Thank God, someone already paraphrased this joke. https://t.co/f6Fa27yjVt
55	55	0.5719	0.0	0.837	0.163	@FOX	RT @kriesse: I talked about moments &amp; decisions that brought me to work in tech, for @IvanaMcConnell’s wonderful Origins project https://t.…
56	56	0.0	0.0	1.0	0.0	@FOX	"RT @EricaJoy: I am boggling that this lawyer went on the record with outright sexism. Just...wow.

(Via: https://t.co/2Nv9gQzKas) https://t…"
57	57	0.902	0.0	0.575	0.425	@FOX	Thanks @IvanaMcConnell for featuring my talk in @FacetsDigest ? Check it out for great content from amazing women! https://t.co/Ri1eJuL6Ih
58	58	0.1901	0.052	0.864	0.084	@FOX	"RT @hypatiadotca: There's a term for this: ""maternal wall"" bias - that women can be either mothers or good workers but never both https://t…"
59	59	0.8439	0.0	0.464	0.536	@FOX	Hi everyone ?? Have a wonderful day! You’re awesome. ? https://t.co/r5C9ittZxx
60	60	0.4939	0.0	0.556	0.444	@FOX	@EmilyGorcenski I might hyperventilate from laughter
61	61	0.6996	0.0	0.775	0.225	@FOX	"I don’t even need spellcheck because all the men will make sure I know there are typos in my articles in a friendly, one-word way!

?"
62	62	0.3818	0.0	0.909	0.091	@FOX	I’m going to try it for a fixed amount of time and move on to other projects if it doesn’t work out. I’ll continue my commitment to D&amp;I.
63	63	0.705	0.0	0.686	0.314	@FOX	RT @zeigenvector: Being an underrepresented person in tech is feeling like you can't fuck up, not even once.
64	64	-0.8612	0.28	0.72	0.0	@FOX	"This is the result of someone’s HUMAN RIGHTS and identity being voted on. 

LGBTI youth is 4x more likely to contempt suicide w/o polls."
65	65	0.0	0.0	1.0	0.0	@FOX	"@thomhos https://t.co/Gxu13TmrfB
https://t.co/sQ23wpXJ5f
https://t.co/8fnETMdAWP"
66	66	0.4199	0.0	0.589	0.411	@FOX	Thank you, Alex! ?? https://t.co/osvmBUzujY
67	67	0.0	0.0	1.0	0.0	@FOX	RT @lachancenaomi: Harvard in 3 tweets https://t.co/EGExoCWBDv
68	68	-0.5859	0.487	0.513	0.0	@FOX	@evilhackerdude back at your bullshit
69	69	0.5925	0.166	0.544	0.29	@FOX	We need to stop arguing which technologies are better or more worthy. There’s value in all of them. Front end is multidisciplinary!
70	70	0.0	0.0	1.0	0.0	@FOX	Haven’t done this in two months so let’s go again! https://t.co/Gqtvz5TNFZ
71	71	0.0	0.0	1.0	0.0	@FOX	In last 2 weeks I’ve spoken at two conferences w/different talks, got ?? permanent residency and I’m not close to done. News coming soon!
72	72	0.6114	0.0	0.8	0.2	@FOX	"I had a pleasure of being on @changelog chatting about community, inclusion, remote work and more ? Have a listen!

https://t.co/wHeUuOKIUH"
73	73	-0.3382	0.107	0.893	0.0	@FOX	@MylesBorins I reckon we’ll go to Modern Art Museum as it opens and then head to Södermalm for ?? at Drop Coffee!
74	74	0.6369	0.0	0.417	0.583	@FOX	@eubenesa love Moderat ??
75	75	0.4926	0.0	0.834	0.166	@FOX	Here are my slides for “Building Inclusive Communities” closing keynote at #nordicjs. Let’s build a better future!… https://t.co/LfG1AUK5tN
76	76	0.0	0.0	1.0	0.0	@FOX	@rachsmithtweets ???
77	77	0.8271	0.0	0.726	0.274	@FOX	I’m excited about the future and being able to shape my career and life however I want to. Been waiting two years to regain this freedom ??
78	78	0.6588	0.0	0.747	0.253	@FOX	Nordic.js is currently live streamed! Tune in for great speakers and talks ?? https://t.co/GeVZq6nonA
79	79	0.4588	0.0	0.75	0.25	@FOX	@TheSpacepony Me and @benschwarz are getting in tomorrow evening :)
80	80	0.6239	0.0	0.729	0.271	@FOX	"@OphelieLechat wow, that’s a bit late for snow!

also, some goodies here: https://t.co/9ZlVrYnEkL"
81	81	0.9312	0.0	0.402	0.598	@FOX	@BradleyGauthier ?? thank you for your kind words Bradley! Hope you’ll find it helpful :)
82	82	-0.2895	0.182	0.735	0.083	@FOX	"RT @esthrbrunnr: ""The web is for everyone. So leave no one behind."" - Important take-away from @ireaderinokun talk #FEC17 https://t.co/3R57…"
83	83	0.0	0.0	1.0	0.0	@FOX	"“Working ethically is a non-negotiable part of the job.”

—Mike Monteiro

#fec17"
84	84	0.7345	0.0	0.564	0.436	@FOX	Hallo Zürich! Good to be back home in Europe :)
85	85	0.807	0.0	0.696	0.304	@FOX	Hey @dan_abramov; thank you for your ongoing support for the community, enabling newcomers and making it easier to build for the Web!
86	86	0.5267	0.0	0.812	0.188	@FOX	RT @corey_latislaw: My not-so-stealthy plan for getting more speakers on stage: Privately encourage someone. Tell them they matter &amp; you wa…
87	87	-0.5423	0.636	0.364	0.0	@FOX	@charliesome I am livid
88	88	0.0	0.0	1.0	0.0	@FOX	As someone who has been doing community and D&amp;I work for a while though I think it’s crucial to prioritise your own well-being and health ?
89	89	0.6588	0.0	0.785	0.215	@FOX	"“Because femininity is not antithetical to engineering and logic.”

Great t-shirt from @sailorhg. Get one! ?… https://t.co/aCz4RctpeB"
90	90	0.6369	0.0	0.536	0.464	@FOX	@bram_stein Yep. My partner @benschwarz is speaking :)
91	91	0.0	0.0	1.0	0.0	@FOX	@evilhackerdude You need @figmadesign ??
92	92	0.0	0.0	1.0	0.0	@FOX	@tessthornton hahahaha, genius ?
93	93	0.0	0.0	1.0	0.0	@FOX	RT @CleverTitleTK: Boom. ??? https://t.co/j7W0jjcveQ
94	94	0.4588	0.0	0.833	0.167	@FOX	@rhodesjason I’ll publish a transcript as soon as I’m done delivering it :) (~3 weeks from now)
95	95	0.0	0.0	1.0	0.0	@FOX	@mattschaar link to the event? ?
96	96	0.0	0.0	1.0	0.0	@FOX	WebP is an Open Source image format authored by Google, offering up to 32% bandwidth savings. Try it! #perfmatters https://t.co/F1qFG6XEjd
97	97	0.7644	0.0	0.378	0.622	@FOX	Take care of yourself, friends! https://t.co/GYDxNYfd92
98	98	0.509	0.0	0.752	0.248	@FOX	@brianloveswords omg, there are so many! but Zooey never fails. https://t.co/4sRXEXidbS
99	99	-0.1027	0.165	0.734	0.101	@FOX	"RT @gembarrett: Never underestimate how hard it is for someone to say ""no"" when you ask if they're ok."
0	0	0.0	0.0	1.0	0.0	@nytimes	“This may actually send a message to the fraternities that they need to do more” https://t.co/529xSK7lvU
1	1	0.0	0.0	1.0	0.0	@nytimes	Golden Globes Briefing: Golden Globes 2018: What to Watch For https://t.co/h3XDdS0798
2	2	-0.6369	0.234	0.766	0.0	@nytimes	Paraguayan students were once beaten and humiliated for speaking Guaraní. Now, schools are required to teach the la… https://t.co/qRmBHMf3i2
3	3	0.0	0.0	1.0	0.0	@nytimes	New Jersey is now the last state in the nation where drivers are not allowed to pump their own gasoline https://t.co/jSbFU0HcVk
4	4	0.0	0.0	1.0	0.0	@nytimes	A man who turned his basement outside Chicago into a makeshift homeless shelter has been ordered to shut it down https://t.co/dO9nPlnIcI
5	5	-0.3919	0.231	0.654	0.115	@nytimes	Southwest settled a class action lawsuit for $15 million but denied having entered into any unlawful agreements wit… https://t.co/qobYcbboDU
6	6	0.1531	0.146	0.677	0.177	@nytimes	Evidence suggests that stricter measures to discourage smoking would make even smokers themselves happier https://t.co/CVy9scdjwJ
7	7	-0.296	0.18	0.82	0.0	@nytimes	"Where pot entrepreneurs go when the banks just say no
https://t.co/c2aadcWF1C"
8	8	0.3818	0.0	0.874	0.126	@nytimes	President Trump asked Congress for $18 billion for a border wall. In exchange, he offered to protect young undocume… https://t.co/6NbLrdkxSt
9	9	0.6705	0.0	0.776	0.224	@nytimes	RT @nytopinion: For decades, the United States was a global beacon for those who embraced liberal values. China’s rise is a blunt counterpo…
10	10	-0.4588	0.136	0.864	0.0	@nytimes	Schools in Baltimore don't have heat. Teachers say students have been forced to attend classes bundled up in coats,… https://t.co/7ZdqywuYHA
11	11	0.4754	0.118	0.647	0.236	@nytimes	"Even the most eager consumers of ""fake news"" are reading far more of the real kind, a new study finds https://t.co/wKRK8pyQf7"
12	12	0.2732	0.0	0.9	0.1	@nytimes	North Korea accepted the South’s proposal that the two Koreas hold the negotiations at the border village of Panmun… https://t.co/ISq6WbvZLf
13	13	-0.3182	0.187	0.813	0.0	@nytimes	Alabama newspaper executive resigns after admitting he once spanked a reporter https://t.co/3LAC5FyCoo
14	14	-0.1779	0.106	0.821	0.072	@nytimes	Exclusive reporting on the Russia inquiry: President Trump ordered his lawyer to stop Jeff Sessions from recusing h… https://t.co/SahtkvL10m
15	15	0.0	0.0	1.0	0.0	@nytimes	"""You should be able to walk in off the street and see the art just as you can enter a public library and read the b… https://t.co/BmFXHA14qx"
16	16	0.0	0.0	1.0	0.0	@nytimes	RT @nytopinion: How about Matt Damon refuses to show up to work until his female co-stars are paid as much as he is? https://t.co/fXtNFQCeOQ
17	17	-0.5859	0.192	0.808	0.0	@nytimes	President Trump signed an executive order to disband a White House commission investigating claims of voter fraud https://t.co/ZKU1CnxZ9c
18	18	0.0	0.0	1.0	0.0	@nytimes	Donald Trump is watching from the sidelines as the two Koreas open a dialogue https://t.co/kxf2ls5Juk
19	19	-0.5789	0.181	0.819	0.0	@nytimes	"RT @NYTNational: So, what is this ""bomb cyclone"" that the East Coast is grappling with? @henryfountain explains. https://t.co/rzOexRbFzd"
20	20	-0.6597	0.221	0.779	0.0	@nytimes	NYC schools will be closed Thursday as a storm threatens to bring snow, wind and bitter cold across the East Coast https://t.co/rjulDAKCP5
21	21	0.0844	0.1	0.785	0.115	@nytimes	Twitter says President Trump's North Korea tweet didn't violate its terms of service. But would it ever suspend or… https://t.co/YWONMqdQ3k
22	22	0.0	0.0	1.0	0.0	@nytimes	Will Hollywood learn from this moment of reckoning or will it be business as usual in 2018? @AOScott and… https://t.co/tr4J0EkOr6
23	23	0.0	0.0	1.0	0.0	@nytimes	Morning Briefing: Here's what you need to know to start your day https://t.co/94FkRcBbfV https://t.co/bZyCa6Eox9
24	24	-0.7845	0.434	0.566	0.0	@nytimes	13 monkeys were killed in a fire at a UK safari park https://t.co/BClp737HuT
25	25	-0.6059	0.247	0.685	0.068	@nytimes	The Korean War has been called “the Forgotten War” in the United States, but it set the stage for decades of tension https://t.co/2urIaHnGLT
26	26	0.4767	0.0	0.709	0.291	@nytimes	Want in-flight entertainment? You may have to bring your own screen. https://t.co/EywbRnQnRb
27	27	-0.5423	0.212	0.788	0.0	@nytimes	Read The New York Times investigation into allegations of sexual harassment at Vice: https://t.co/2xdmoPRu6c
28	28	0.3612	0.0	0.884	0.116	@nytimes	The Dutch, like many elsewhere, are living longer than in previous generations. As they do, courses are teaching th… https://t.co/XGgeD5Kopu
29	29	0.34	0.0	0.876	0.124	@nytimes	"""The time has come to express our biblical right to the land,"" Israel's public security minister said https://t.co/raxNQsbNEQ"
30	30	0.0	0.0	1.0	0.0	@nytimes	Opinion: From an identity politics that emphasized our common humanity, we’ve gone to an identity politics that emp… https://t.co/8sF0jlNN8c
31	31	0.3254	0.0	0.873	0.127	@nytimes	RT @rpogrebin: BREAKING SCOOP: Peter Martins out as head of City Ballet in wake of allegations  https://t.co/NKv97K66YY
32	32	-0.4588	0.205	0.709	0.087	@nytimes	Prospects are dire for the youngest Rohingya refugees. “We have no idea how all these children are going to process… https://t.co/WrX9wCZ1YG
33	33	0.4404	0.0	0.847	0.153	@nytimes	Doctors at a veterans hospital in Oregon say a push for better ratings are putting patients at risk… https://t.co/yVoy3Z4uoC
34	34	0.2023	0.111	0.737	0.153	@nytimes	At Veterans Hospital in Oregon, a Push for Better Ratings Puts Patients at Risk, Doctors Say https://t.co/gXOFsxqp0U
35	35	-0.4939	0.216	0.684	0.1	@nytimes	There's a water crisis in Cape Town. Travelers should be prepared (and can help). https://t.co/iyc2bAWm9D https://t.co/0u2gcXPQo9
36	36	-0.7096	0.371	0.629	0.0	@nytimes	Fatal ‘Swatting’ Episode in Kansas Raises Quandary: Who Is to Blame? https://t.co/TgqOTbFHYD
37	37	0.2023	0.0	0.899	0.101	@nytimes	In 2016, George Papadopoulos, a Trump foreign policy adviser, revealed to a top Australian diplomat over drinks tha… https://t.co/fjRl5Z2idG
38	38	0.0	0.0	1.0	0.0	@nytimes	Many Germans feel left behind, Angela Merkel said in her New Year's address. She pledged to “have an eye on the nee… https://t.co/mGOaw1uziQ
39	39	-0.296	0.091	0.909	0.0	@nytimes	"""There’s no word or phrase that names a mother who is wheeled to the hospital doors without her baby in her arms —… https://t.co/Cmhq5QQxOi"
40	40	0.0	0.0	1.0	0.0	@nytimes	Astronomers have their noses pressed against the windows of the unknown, wanting to believe in life elsewhere https://t.co/kg3rfpEYDy
41	41	0.4215	0.0	0.763	0.237	@nytimes	A Year of Animal Oddities Around the World: 7 Reader Favorites https://t.co/EOyBFrPLa2
42	42	0.128	0.0	0.923	0.077	@nytimes	RT @nytpolitics: A Pennsylvania judge said Friday the state’s Congressional districts were drawn to give Republicans an advantage, but they…
43	43	0.4588	0.106	0.648	0.245	@nytimes	Brussels forbids regular tents on its streets. Origami-style cardboard tents are giving homeless people a safe way… https://t.co/j1mae8cC01
44	44	0.6808	0.136	0.467	0.397	@nytimes	What love and sadness look like in 5 countries, according to their top GIFs https://t.co/QqR7WK9BH1
45	45	0.0	0.0	1.0	0.0	@nytimes	Astronomers have their noses pressed against the windows of the unknown, wanting to believe in life elsewhere https://t.co/eB5IUEsbZd
46	46	0.0	0.0	1.0	0.0	@nytimes	RT @NYTSports: Bowl game roundup: Northwestern edged Kentucky in a wild finish at the Music City Bowl. https://t.co/kR0xtS0WlY https://t.co…
47	47	0.0	0.0	1.0	0.0	@nytimes	The NYT obituary for Sue Grafton https://t.co/Rgnb9rstqa
48	48	0.0	0.0	1.0	0.0	@nytimes	Astronomers have their noses pressed against the windows of the unknown, wanting to believe in life elsewhere https://t.co/nbPodFHX47
49	49	-0.1531	0.127	0.773	0.1	@nytimes	Yeah, it's cold. So cold that polar-bear plunges are being canceled because of fears of frostbite and hypothermia. https://t.co/ZV6bCmE0Nh
50	50	-0.296	0.104	0.896	0.0	@nytimes	South Korea has seized a Hong Kong-flagged oil tanker accused of transferring 600 tons of refined oil to a North Ko… https://t.co/Xu7xouzIS5
51	51	-0.4497	0.18	0.82	0.0	@nytimes	President Trump cast doubt on the reality of climate change, but he appeared unaware of the distinction between wea… https://t.co/gUCA2PoFoY
52	52	0.0	0.0	1.0	0.0	@nytimes	"Opinion: My models are the mothers ""who cradle a baby with one arm and try to overthrow an illegitimate government… https://t.co/r443EFbHPn"
53	53	0.0	0.0	1.0	0.0	@nytimes	RT @joecoscarelli: what do Drake, Katy Perry, the Weeknd, Rihanna, Calvin Harris, Nicki Minaj, Big Sean, Halsey, Maroon 5, Travis Scott and…
54	54	-0.4939	0.158	0.842	0.0	@nytimes	Investigators noted numerous failings and found that the FDA didn't always evaluate health hazards in a timely mann… https://t.co/oD13t2ukF5
55	55	0.0	0.0	1.0	0.0	@nytimes	The Year in Pictures: To pause and look back is a revelation https://t.co/wOtaNg2JWP https://t.co/vE1vv5i8ob
56	56	-0.875	0.4	0.6	0.0	@nytimes	The brutal killings of 2 women and 2 children in upstate New York have stunned the city of Troy https://t.co/j6mCpkTadL
57	57	0.5106	0.0	0.837	0.163	@nytimes	4 years ago, Bill Clinton swore in Bill de Blasio. On Monday, Bernie Sanders will do the honors. https://t.co/10L9kPWPBW
58	58	-0.4576	0.2	0.8	0.0	@nytimes	In medicine, the term “evidence-based” causes more arguments than you might expect https://t.co/RGJmfQPZ0b
59	59	-0.34	0.124	0.876	0.0	@nytimes	Opinion: The escalating rivalry between Iran and Saudi Arabia has alarmed foreign policy experts. But feminists hav… https://t.co/FUFoTULIap
60	60	0.296	0.0	0.891	0.109	@nytimes	Trump insisted the health law was “essentially” being repealed. But what remains of it appears relatively stable an… https://t.co/4Qi2FLlDrS
61	61	-0.6369	0.234	0.766	0.0	@nytimes	Having excluded Aleksei Navalny from the ballot, the Kremlin worries that he could still cause President Putin head… https://t.co/n8GKtn3ZXv
62	62	0.4019	0.0	0.881	0.119	@nytimes	Power prices fell below zero in Germany over the weekend. Yes, that means consumers were actually paid to use power. https://t.co/z42IHXYaK6
63	63	0.2023	0.0	0.904	0.096	@nytimes	Opinion: When we answer melodrama with melodrama, we’re playing Trump's game, by his rules, and he wins,… https://t.co/uHuKmNdQn6
64	64	0.0	0.0	1.0	0.0	@nytimes	The Betoota Advocate is increasingly one of Australia's most widely read newspapers. It's also completely made up. https://t.co/EM2PgZU2PC
65	65	0.0	0.0	1.0	0.0	@nytimes	El gobierno de Enrique Peña Nieto gasta millones de dólares en publicidad en medios y así logra control sobre la co… https://t.co/8m0BQ8x8AE
66	66	0.0	0.0	1.0	0.0	@nytimes	Major news events in 2017 were big — often big enough to be seen from far above https://t.co/kI2Ff7dVWg
67	67	0.1027	0.097	0.787	0.116	@nytimes	A Mexican newspaper gets an infusion of government cash. Now, a critic says, “The paper has been like a spokesman f… https://t.co/arqlhrW007
68	68	0.5256	0.0	0.82	0.18	@nytimes	"If you want to raise a reader, be a reader https://t.co/4BAddK5CHV

This was one of our most popular stories on social media this year."
69	69	0.6369	0.0	0.792	0.208	@nytimes	"What music do Americans love the most? We made a playlist for each neighborhood. https://t.co/hPTn1poVQv

This was… https://t.co/L1nMuTuGBP"
70	70	-0.25	0.1	0.9	0.0	@nytimes	Reporters checked back in with some of the people who stuck with them long after the stories ran https://t.co/wCeAZVSPqw
71	71	-0.5423	0.149	0.851	0.0	@nytimes	Sometimes it seems as if we’re living under a constant barrage of heavy news. But it isn’t all bad out there. https://t.co/TY97dv9hRS
72	72	-0.2732	0.174	0.826	0.0	@nytimes	Duterte’s Son Quits Post After Battling Daughter on Social Media https://t.co/CEsU5df2bB
73	73	0.0	0.0	1.0	0.0	@nytimes	What’s big and shiny and gold and features Donald Trump’s name splashed across the front? https://t.co/Wa1L8VCXaH
74	74	-0.8979	0.548	0.452	0.0	@nytimes	Parents Killed After Warning Daughter About Boyfriend’s Racist Views, Family Says https://t.co/rpz7QK0bc0
75	75	-0.4019	0.184	0.816	0.0	@nytimes	Watch: A blind Syrian refugee finds his way in New York #Daily360 https://t.co/DVcbARbguH https://t.co/uhq5qhvOoY
76	76	0.0	0.0	1.0	0.0	@nytimes	These charts list the full range of outcomes for teams that are already in or have a mathematical shot at the playo… https://t.co/KOYEQCAqru
77	77	0.4482	0.169	0.57	0.261	@nytimes	This coming year, let’s resolve to set better resolutions. (Sorry, sorry, we couldn't help ourselves.) https://t.co/UTl6qqrg3M
78	78	-0.6908	0.388	0.612	0.0	@nytimes	Why the new blood pressure guidelines could lead to harm https://t.co/L74nOmWJ0t
79	79	0.4754	0.0	0.872	0.128	@nytimes	John Skipper held one of the most powerful jobs in sports as the president of ESPN. This week, he suddenly resigned… https://t.co/jTvg2e8bBD
80	80	-0.6249	0.298	0.702	0.0	@nytimes	Russia is using extradition requests to block U.S. trials of accused Russian cybercriminals https://t.co/LvOPSKnP5Q
81	81	-0.6908	0.388	0.612	0.0	@nytimes	Yemen’s War Enters a Dark Stage as Rebels Squeeze the Capital https://t.co/g81nx4P7FF
82	82	-0.5106	0.13	0.87	0.0	@nytimes	He was in prison for 26 years, and a chef for 24 of them. Now he's opening his own restaurant in Jersey City. https://t.co/o4bqCCLTj9
83	83	0.8555	0.0	0.606	0.394	@nytimes	For some pop stars, a holiday album is a chance to perfect the classics. For others, it’s a chance to dismantle the… https://t.co/J5qtcdaQoI
84	84	-0.4019	0.124	0.876	0.0	@nytimes	Trump signed the most consequential tax legislation in 3 decades, even as he complained that he has not been given… https://t.co/3dGuFB5j02
85	85	-0.3506	0.114	0.886	0.0	@nytimes	Ranjuma and her family are Rohingya. They escaped violent persecution —  but found that Myanmar wasn’t the end of t… https://t.co/KLWTUVjI2u
86	86	-0.7506	0.314	0.686	0.0	@nytimes	A boat. A rickshaw. A funeral. Times journalists spent 4 days with a Rohingya family after they fled violent persec… https://t.co/6ZI1Sw95DR
87	87	0.0	0.0	1.0	0.0	@nytimes	Morning Briefing: Here's what you need to know to start your day https://t.co/7Cayqj0FUR
88	88	0.0516	0.093	0.805	0.102	@nytimes	U.S. calls for the UN Security Council to vote on a proposed resolution to impose new sanctions on North Korea, inc… https://t.co/5g5LhIuLTv
89	89	0.0	0.0	1.0	0.0	@nytimes	RT @NYTScience: The Ursids is the last meteor shower you might be able to catch in 2017. It peaks tomorrow night. https://t.co/oRwOPyGh21
90	90	0.0	0.0	1.0	0.0	@nytimes	Introducing the Year in Pictures. To pause and look back is a revelation. https://t.co/rWY77LdrH5
91	91	-0.5574	0.159	0.841	0.0	@nytimes	The Times’s Sports editor explains the selection process for the visuals showing the bodies of climbers who died on… https://t.co/xlKvMHTjs6
92	92	0.8402	0.0	0.529	0.471	@nytimes	"12 small but indelible pleasures that brightened up a dark year 
 https://t.co/BDIYDeqkq9"
93	93	0.0	0.0	1.0	0.0	@nytimes	A look back at 2017, in pictures https://t.co/TxYnJj1pxZ https://t.co/9HfP0ARslf
94	94	0.0	0.0	1.0	0.0	@nytimes	Here's a way to figure out what will happen with your taxes https://t.co/uiEqVHxqi2
95	95	-0.5994	0.196	0.804	0.0	@nytimes	Mexico was the deadliest country for journalists outside a war zone this year, an advocacy group reports https://t.co/96eKoe029n
96	96	0.0	0.0	1.0	0.0	@nytimes	Facebook's job ads are raising concerns about age discrimination https://t.co/AJSUZGRjmd
97	97	0.0	0.0	1.0	0.0	@nytimes	At least 27 people stepped over him on their way to the summit and again on their way down before the climbing seas… https://t.co/kNijizqv87
98	98	0.8176	0.0	0.681	0.319	@nytimes	"Review: ""The Greatest Showman"" gives us the real story of P.T. Barnum. And what fun is that?
 https://t.co/XJnG7iHKB4"
99	99	0.3612	0.0	0.878	0.122	@nytimes	Breaking News: The $1.5 trillion Republican tax overhaul is ready for President Trump's signature after the House v… https://t.co/hPpDd1OYPU
